group; feature; mean; wmean; diff_%
A; x1; 1.266667; 1.277778; 0.869565
A; x2; 2.2; 2.188889; 0.505051
A; x3; 3.3; 3.311111; 0.33557
A; x4; 4.5; 4.511111; 0.246305
B; x1; 2.6; 2.622222; 0.847458
B; x2; 1.5; 1.522222; 1.459854
B; x3; 2.4; 2.422222; 0.917431
B; x4; 3.233333; 3.244444; 0.342466
C; x1; 3.2; 3.222222; 0.689655
C; x2; 4.233333; 4.211111; 0.524934
C; x3; 5.2; 5.222222; 0.425532
C; x4; 6.3; 6.322222; 0.351494
